ba,campus_mw,rate,rate_worst_year,hours,longest_event_hours
ERCO,250,0.0002117011680816745,0.0004018723598584313,2.8,2
ERCO,500,0.0003199254435696499,0.0006087452905582829,4.6,3
ERCO,1000,0.0006627141883553006,0.001026258705331659,13.4,5
ERCO,2000,0.0018731434560468473,0.002681906392694064,43.2,6
PSCO,250,0.0004389032411557404,0.0008789954337899543,7.2,5
PSCO,500,0.0009535737838694078,0.0019041095890410958,19.6,7
PSCO,1000,0.0029763985915692613,0.004886529680365297,77.0,9
PSCO,2000,0.012464287163286281,0.016712614155251142,345.2,13
SOCO,250,0.00025160701808967504,0.0004118721461187215,3.4,2
SOCO,500,0.00036857529161319366,0.0005194063926940639,5.2,3
SOCO,1000,0.0006064438788631918,0.0009029680365296804,10.0,5
SOCO,2000,0.0012014233146204402,0.0019522260273972603,23.0,6
