ba,rate,load_mw_mean,load_mw_worst_year,share_of_peak,hours_curtailed,longest_event_hours,mean_share_curtailed,summer_hours,winter_hours
ERCO,0.0025,2449.075439453125,1912.3648681640625,0.02996826171875,60.4,6,0.3684356239263348,60.4,0.0
ERCO,0.005,3810.7800567626955,2952.6287841796875,0.046661376953125,110.2,7,0.39997681281557124,110.0,0.2
ERCO,0.01,6006.2371383667,5024.031494140625,0.073602294921875,222.6,9,0.39540026900802067,220.0,2.4
PSCO,0.0025,931.6508666992188,619.7003173828125,0.100048828125,64.6,8,0.35154136186057744,64.6,0.0
PSCO,0.005,1314.5146362304688,1014.9686279296875,0.14129638671875,136.0,9,0.3255257997619677,136.0,0.0
PSCO,0.01,1826.4738037109375,1529.1524047851562,0.19639892578125,280.4,12,0.31440721223611046,280.0,0.4
SOCO,0.0025,3444.1732788085938,2475.4644470214844,0.073974609375,61.6,7,0.3820748475164765,56.6,5.0
SOCO,0.005,5024.179165649414,4163.357696533203,0.1079132080078125,136.6,15,0.3350743522501544,123.8,12.8
SOCO,0.01,6945.644213867187,5854.522247314453,0.14915771484375,293.0,19,0.30417842365428305,261.8,27.2
