ba,year,rate,load_mw,share_of_peak,hours_curtailed,longest_event_hours,mean_share_curtailed,summer_hours,winter_hours
ERCO,2021,0.0025,1918.8564147949219,0.02611541748046875,52,5,0.4210093097983372,52,0
ERCO,2021,0.005,3172.3074645996094,0.04317474365234375,99,6,0.442352192285504,99,0
ERCO,2021,0.01,5279.517883300781,0.0718536376953125,209,7,0.41908208761297916,206,3
ERCO,2022,0.0025,2724.301071166992,0.03412628173828125,62,5,0.35319900439400465,62,0
ERCO,2022,0.005,4129.389953613281,0.051727294921875,122,7,0.35894948873324234,122,0
ERCO,2022,0.01,6212.965621948242,0.07782745361328125,239,8,0.3664975617459363,235,4
ERCO,2023,0.0025,1912.3648681640625,0.0223846435546875,56,5,0.3909373575147294,56,0
ERCO,2023,0.005,2952.6287841796875,0.0345611572265625,106,5,0.41314847085915213,106,0
ERCO,2023,0.01,5024.031494140625,0.058807373046875,205,7,0.42729697213559076,205,0
ERCO,2024,0.0025,3114.440673828125,0.036407470703125,57,5,0.38519556788634757,57,0
ERCO,2024,0.005,5208.791076660156,0.06089019775390625,106,7,0.4142920797208441,106,0
ERCO,2024,0.01,7865.724853515625,0.091949462890625,240,9,0.3659691137338747,238,2
ERCO,2025,0.0025,2575.4141693115234,0.0308074951171875,75,6,0.2918368800382553,75,0
ERCO,2025,0.005,3590.783004760742,0.0429534912109375,118,7,0.3711418324791135,117,1
ERCO,2025,0.01,5648.945838928223,0.06757354736328125,220,9,0.39815560981172254,216,3
PSCO,2021,0.0025,967.6194458007812,0.09820556640625,80,7,0.27330677049583507,80,0
PSCO,2021,0.005,1305.5946655273438,0.13250732421875,141,9,0.3103058577953859,141,0
PSCO,2021,0.01,1789.1036987304688,0.18157958984375,284,11,0.30828531814405097,284,0
PSCO,2022,0.0025,619.7003173828125,0.0677490234375,50,8,0.43782504183422516,50,0
PSCO,2022,0.005,1014.9686279296875,0.1109619140625,113,9,0.38744346710991695,113,0
PSCO,2022,0.01,1529.1524047851562,0.16717529296875,245,11,0.35750721466305535,245,0
PSCO,2023,0.0025,1140.0933837890625,0.12432861328125,71,7,0.30833439480112945,71,0
PSCO,2023,0.005,1567.138671875,0.1708984375,143,9,0.3061426861034276,143,0
PSCO,2023,0.01,2127.3907470703125,0.23199462890625,299,12,0.2927980036815179,299,0
PSCO,2024,0.0025,1109.0542602539062,0.11944580078125,71,7,0.30906744818291115,71,0
PSCO,2024,0.005,1476.8499755859375,0.1590576171875,153,9,0.2868366377568054,153,0
PSCO,2024,0.01,1974.9893188476562,0.21270751953125,305,11,0.2878550404792944,303,2
PSCO,2025,0.0025,821.7869262695312,0.09051513671875,51,6,0.4291731539887863,51,0
PSCO,2025,0.005,1208.021240234375,0.133056640625,130,8,0.33690035004430263,130,0
PSCO,2025,0.01,1711.7328491210938,0.18853759765625,269,10,0.3255904842126338,269,0
SOCO,2021,0.0025,3818.35546875,0.084716796875,71,7,0.3083409803999799,71,0
SOCO,2021,0.005,5255.74072265625,0.116607666015625,136,9,0.3219613035944715,134,2
SOCO,2021,0.01,7158.041015625,0.1588134765625,292,11,0.2999533925792134,272,7
SOCO,2022,0.0025,3098.455078125,0.064453125,46,7,0.4759941149010672,45,1
SOCO,2022,0.005,5185.364334106445,0.1078643798828125,107,15,0.40929177087314533,92,15
SOCO,2022,0.01,7964.731353759766,0.165679931640625,258,19,0.33949362755717566,227,24
SOCO,2023,0.0025,2475.4644470214844,0.0543365478515625,45,6,0.4866238349843628,45,0
SOCO,2023,0.005,4202.241668701172,0.0922393798828125,112,9,0.39098193935629094,112,0
SOCO,2023,0.01,6038.158996582031,0.132537841796875,269,10,0.32564504249780063,269,0
SOCO,2024,0.0025,5082.5771484375,0.1072998046875,91,7,0.24131246816915283,78,13
SOCO,2024,0.005,6314.19140625,0.13330078125,194,8,0.22636631997164225,172,22
SOCO,2024,0.01,7712.7674560546875,0.1628265380859375,372,17,0.2361095143878302,328,44
SOCO,2025,0.0025,2746.0142517089844,0.0590667724609375,55,7,0.3981028391278198,44,11
SOCO,2025,0.005,4163.357696533203,0.0895538330078125,134,9,0.3267704274552221,109,25
SOCO,2025,0.01,5854.522247314453,0.1259307861328125,274,16,0.31969054124939544,213,61
