ba,year,peak_mw,average_mw,load_factor,peak_growth
ERCO,2021,73476.0,44808.87133234387,0.6098436405403652,
ERCO,2022,79830.0,49156.489383561646,0.6157646171058705,0.08647721705046552
ERCO,2023,85432.0,51006.666324200916,0.5970440388168475,0.07017412000501055
ERCO,2024,85544.0,52779.54439890711,0.6169870990239772,0.0013109841745482242
ERCO,2025,83597.0,55696.849037834305,0.6662541602908514,-0.02276021696436925
PSCO,2021,9853.0,5521.9740837995205,0.5604358148583701,
PSCO,2022,9147.0,5276.771689497717,0.5768855022955851,-0.07165330356236677
PSCO,2023,9170.0,4841.18801369863,0.5279376241765137,0.002514485623701823
PSCO,2024,9285.0,5176.898793260473,0.5575550665870191,0.012540894220283594
PSCO,2025,9079.0,5173.99897260274,0.5698864382203701,-0.02218632202477111
SOCO,2021,45072.0,26596.687863911404,0.5900933587129793,
SOCO,2022,48073.0,27502.055365296805,0.5720894340959958,0.06658235711750082
SOCO,2023,45558.0,26194.415410958904,0.5749685107107183,-0.05231626900755104
SOCO,2024,47368.0,27252.747950819674,0.5753409042142306,0.03972957548619349
SOCO,2025,46490.0,27553.02271689498,0.5926655779069688,-0.018535720317513937
