ba,utc_hour_end,demand_raw,cleaned,demand_adjusted,spike
ERCO,2022-01-20 19:00:00,58524.0,58530.666666666664,58524.0,True
ERCO,2022-01-20 20:00:00,57709.0,57692.333333333336,57709.0,True
ERCO,2022-02-03 18:00:00,63915.0,63791.77777777778,63915.0,True
ERCO,2022-02-03 19:00:00,64054.0,64298.555555555555,64054.0,True
ERCO,2022-02-03 20:00:00,63913.0,64805.333333333336,63913.0,True
ERCO,2022-02-03 21:00:00,63699.0,65312.11111111111,63699.0,True
ERCO,2022-02-03 22:00:00,63889.0,65818.88888888889,63889.0,True
ERCO,2022-02-03 23:00:00,64660.0,66325.66666666667,64660.0,True
ERCO,2022-02-04 00:00:00,66087.0,66832.44444444444,66087.0,True
ERCO,2022-02-04 01:00:00,67857.0,67339.22222222222,67857.0,True
ERCO,2022-02-04 17:00:00,67878.0,66955.75,67878.0,True
ERCO,2022-02-04 18:00:00,65983.0,65049.5,65983.0,True
ERCO,2022-02-04 19:00:00,63665.0,63143.25,63665.0,True
ERCO,2022-12-23 01:00:00,70479.0,66930.4,70479.0,True
ERCO,2022-12-23 02:00:00,72107.0,66972.8,72107.0,True
ERCO,2022-12-23 03:00:00,73280.0,67015.2,73280.0,True
ERCO,2022-12-23 04:00:00,73656.0,67057.6,73656.0,True
ERCO,2022-12-23 05:00:00,72771.0,67100.0,72771.0,True
ERCO,2022-12-23 06:00:00,71688.0,67142.4,71688.0,True
ERCO,2022-12-23 07:00:00,70968.0,67184.8,70968.0,True
ERCO,2022-12-23 08:00:00,70517.0,67227.2,70517.0,True
ERCO,2022-12-23 09:00:00,70173.0,67269.6,70173.0,True
ERCO,2022-12-23 10:00:00,70342.0,67312.0,70342.0,True
ERCO,2022-12-23 11:00:00,70878.0,67354.4,70878.0,True
ERCO,2022-12-23 12:00:00,71803.0,67396.8,71803.0,True
ERCO,2022-12-23 13:00:00,73029.0,67439.2,73029.0,True
ERCO,2022-12-23 14:00:00,73976.0,67481.6,73976.0,True
ERCO,2022-12-23 15:00:00,73905.0,67524.0,73905.0,True
ERCO,2022-12-23 16:00:00,73669.0,67566.4,73669.0,True
ERCO,2022-12-23 17:00:00,72183.0,67608.8,72183.0,True
ERCO,2022-12-23 18:00:00,69978.0,67651.2,69978.0,True
ERCO,2022-12-23 19:00:00,67428.0,67693.6,67428.0,True
ERCO,2022-12-23 20:00:00,65491.0,67736.0,65491.0,True
ERCO,2022-12-23 21:00:00,63824.0,67778.4,63824.0,True
ERCO,2022-12-23 22:00:00,63400.0,67820.8,63400.0,True
ERCO,2022-12-23 23:00:00,64294.0,67863.2,64294.0,True
ERCO,2022-12-24 00:00:00,66586.0,67905.6,66586.0,True
ERCO,2023-02-17 11:00:00,50051.0,50671.5,50051.0,True
ERCO,2025-12-04 07:00:00,,48004.57142857143,47228.0,False
ERCO,2025-12-04 08:00:00,,48016.142857142855,46402.0,False
ERCO,2025-12-04 09:00:00,,48027.71428571428,45977.0,False
ERCO,2025-12-04 10:00:00,,48039.28571428572,45722.0,False
ERCO,2025-12-04 11:00:00,,48050.857142857145,46192.0,False
ERCO,2025-12-04 12:00:00,,48062.42857142857,47672.0,False
ERCO,2025-12-04 13:00:00,,48074.0,51084.0,False
ERCO,2025-12-04 14:00:00,,48085.57142857143,52779.0,False
ERCO,2025-12-04 15:00:00,,48097.142857142855,54248.0,False
ERCO,2025-12-04 16:00:00,,48108.71428571428,55706.0,False
ERCO,2025-12-04 17:00:00,,48120.28571428572,56090.0,False
ERCO,2025-12-04 18:00:00,,48131.857142857145,56036.0,False
ERCO,2025-12-04 19:00:00,,48143.42857142857,55808.0,False
ERCO,2025-12-04 20:00:00,,48155.0,55766.0,False
ERCO,2025-12-04 21:00:00,,48166.57142857143,55180.0,False
ERCO,2025-12-04 22:00:00,,48178.142857142855,54838.0,False
ERCO,2025-12-04 23:00:00,,48189.71428571428,55047.0,False
ERCO,2025-12-05 00:00:00,,48201.28571428572,56606.0,False
ERCO,2025-12-05 01:00:00,,48212.857142857145,57821.0,False
ERCO,2025-12-05 02:00:00,,48224.42857142857,57603.0,False
ERCO,2025-12-05 03:00:00,,48236.0,57231.0,False
ERCO,2025-12-05 04:00:00,,48247.57142857143,56282.0,False
ERCO,2025-12-05 05:00:00,,48259.142857142855,54362.0,False
ERCO,2025-12-05 06:00:00,,48270.71428571428,52418.0,False
ERCO,2025-12-05 07:00:00,,48282.28571428572,,False
ERCO,2025-12-05 08:00:00,,48293.857142857145,,False
ERCO,2025-12-05 09:00:00,,48305.42857142857,,False
ERCO,2025-12-05 10:00:00,,48317.0,,False
ERCO,2025-12-05 11:00:00,,48328.57142857143,,False
ERCO,2025-12-05 12:00:00,,48340.142857142855,,False
ERCO,2025-12-05 13:00:00,,48351.71428571428,,False
ERCO,2025-12-05 14:00:00,,48363.28571428572,,False
ERCO,2025-12-05 15:00:00,,48374.857142857145,,False
ERCO,2025-12-05 16:00:00,,48386.42857142857,,False
ERCO,2025-12-05 17:00:00,,48398.0,,False
ERCO,2025-12-05 18:00:00,,48409.57142857143,,False
ERCO,2025-12-05 19:00:00,,48421.142857142855,,False
ERCO,2025-12-05 20:00:00,,48432.71428571428,,False
ERCO,2025-12-05 21:00:00,,48444.28571428572,,False
ERCO,2025-12-05 22:00:00,,48455.857142857145,,False
ERCO,2025-12-05 23:00:00,,48467.42857142857,,False
ERCO,2025-12-06 00:00:00,,48479.0,,False
ERCO,2025-12-06 01:00:00,,48490.57142857143,,False
ERCO,2025-12-06 02:00:00,,48502.142857142855,,False
ERCO,2025-12-06 03:00:00,,48513.71428571428,,False
ERCO,2025-12-06 04:00:00,,48525.28571428572,,False
ERCO,2025-12-06 05:00:00,,48536.857142857145,,False
ERCO,2025-12-06 06:00:00,,48548.42857142857,,False
PSCO,2022-04-15 22:00:00,7512.0,4965.0,7512.0,True
PSCO,2023-02-04 08:00:00,,4560.12,4314.0,False
PSCO,2023-02-04 09:00:00,,4550.24,4267.0,False
PSCO,2023-02-04 10:00:00,,4540.36,4211.0,False
PSCO,2023-02-04 11:00:00,,4530.48,4297.0,False
PSCO,2023-02-04 12:00:00,,4520.6,4379.0,False
PSCO,2023-02-04 13:00:00,,4510.72,4537.0,False
PSCO,2023-02-04 14:00:00,,4500.84,4779.0,False
PSCO,2023-02-04 15:00:00,,4490.96,4891.0,False
PSCO,2023-02-04 16:00:00,,4481.08,4845.0,False
PSCO,2023-02-04 17:00:00,,4471.2,4761.0,False
PSCO,2023-02-04 18:00:00,,4461.32,4585.0,False
PSCO,2023-02-04 19:00:00,,4451.44,4442.0,False
PSCO,2023-02-04 20:00:00,,4441.56,4275.0,False
PSCO,2023-02-04 21:00:00,,4431.68,4205.0,False
PSCO,2023-02-04 22:00:00,,4421.8,4316.0,False
PSCO,2023-02-04 23:00:00,,4411.92,4409.0,False
PSCO,2023-02-05 00:00:00,,4402.04,4677.0,False
PSCO,2023-02-05 01:00:00,,4392.16,5046.0,False
PSCO,2023-02-05 02:00:00,,4382.28,5132.0,False
PSCO,2023-02-05 03:00:00,,4372.4,5036.0,False
PSCO,2023-02-05 04:00:00,,4362.52,5010.0,False
PSCO,2023-02-05 05:00:00,,4352.64,4849.0,False
PSCO,2023-02-05 06:00:00,,4342.76,4694.0,False
PSCO,2023-02-05 07:00:00,,4332.88,4475.0,False
PSCO,2023-02-27 08:00:00,169.0,3721.1666666666665,169.0,True
PSCO,2023-02-27 09:00:00,225.0,3045.333333333333,225.0,True
PSCO,2023-02-27 10:00:00,262.0,2369.5,262.0,True
PSCO,2023-02-27 11:00:00,228.0,1693.6666666666665,228.0,True
PSCO,2023-02-27 12:00:00,266.0,1017.833333333333,266.0,True
PSCO,2023-02-27 14:00:00,299.0,365.5,299.0,True
PSCO,2023-02-27 16:00:00,291.0,391.61538461538464,291.0,True
PSCO,2023-02-27 17:00:00,252.0,394.2307692307692,252.0,True
PSCO,2023-02-27 18:00:00,258.0,396.84615384615387,258.0,True
PSCO,2023-02-27 19:00:00,405.0,399.46153846153845,405.0,True
PSCO,2023-02-27 20:00:00,446.0,402.0769230769231,446.0,True
PSCO,2023-02-27 21:00:00,392.0,404.6923076923077,392.0,True
PSCO,2023-02-27 22:00:00,420.0,407.3076923076923,420.0,True
PSCO,2023-02-27 23:00:00,585.0,409.9230769230769,585.0,True
PSCO,2023-02-28 00:00:00,450.0,412.53846153846155,450.0,True
PSCO,2023-02-28 01:00:00,330.0,415.15384615384613,330.0,True
PSCO,2023-02-28 02:00:00,402.0,417.7692307692308,402.0,True
PSCO,2023-02-28 03:00:00,436.0,420.38461538461536,436.0,True
PSCO,2023-02-28 05:00:00,370.0,439.5,370.0,True
PSCO,2023-02-28 07:00:00,381.0,429.57142857142856,381.0,True
PSCO,2023-02-28 08:00:00,184.0,403.14285714285717,184.0,True
PSCO,2023-02-28 09:00:00,147.0,376.7142857142857,147.0,True
PSCO,2023-02-28 10:00:00,227.0,350.2857142857143,227.0,True
PSCO,2023-02-28 11:00:00,251.0,323.8571428571429,251.0,True
PSCO,2023-02-28 12:00:00,232.0,297.42857142857144,232.0,True
PSCO,2023-03-01 00:00:00,270.0,381.0,270.0,True
PSCO,2023-03-01 02:00:00,230.0,368.8888888888889,230.0,True
PSCO,2023-03-01 03:00:00,162.0,365.77777777777777,162.0,True
PSCO,2023-03-01 04:00:00,162.0,362.6666666666667,162.0,True
PSCO,2023-03-01 05:00:00,275.0,359.55555555555554,275.0,True
PSCO,2023-03-01 06:00:00,157.0,356.44444444444446,157.0,True
PSCO,2023-03-01 07:00:00,237.0,353.3333333333333,237.0,True
PSCO,2023-03-01 08:00:00,188.0,350.22222222222223,188.0,True
PSCO,2023-03-01 09:00:00,246.0,347.1111111111111,246.0,True
PSCO,2023-03-01 16:00:00,563.0,471.07142857142856,563.0,True
PSCO,2023-03-01 17:00:00,775.0,478.14285714285717,775.0,True
PSCO,2023-03-01 18:00:00,985.0,485.2142857142857,985.0,True
PSCO,2023-03-01 19:00:00,1078.0,492.2857142857143,1078.0,True
PSCO,2023-03-01 20:00:00,981.0,499.35714285714283,981.0,True
PSCO,2023-03-01 21:00:00,1005.0,506.42857142857144,1005.0,True
PSCO,2023-03-01 22:00:00,1036.0,513.5,1036.0,True
PSCO,2023-03-01 23:00:00,909.0,520.5714285714286,909.0,True
PSCO,2023-03-02 00:00:00,962.0,527.6428571428571,962.0,True
PSCO,2023-03-02 01:00:00,776.0,534.7142857142857,776.0,True
PSCO,2023-03-02 02:00:00,808.0,541.7857142857142,808.0,True
PSCO,2023-03-02 03:00:00,791.0,548.8571428571429,791.0,True
PSCO,2023-03-02 04:00:00,646.0,555.9285714285714,646.0,True
PSCO,2023-03-02 08:00:00,589.0,618.3333333333334,589.0,True
PSCO,2023-03-02 09:00:00,650.0,569.6666666666666,650.0,True
PSCO,2023-03-02 11:00:00,739.0,462.5,739.0,True
PSCO,2023-03-02 14:00:00,257.0,361.5,257.0,True
PSCO,2023-03-02 16:00:00,232.0,319.5,232.0,True
PSCO,2023-03-03 05:00:00,574.0,493.0,574.0,True
PSCO,2023-03-03 12:00:00,770.0,659.0,770.0,True
PSCO,2023-03-03 20:00:00,113.0,186.6,113.0,True
PSCO,2023-03-03 21:00:00,36.0,174.2,36.0,True
PSCO,2023-03-03 22:00:00,32.0,161.8,32.0,True
PSCO,2023-03-03 23:00:00,113.0,149.4,113.0,True
PSCO,2023-03-04 03:00:00,543.0,461.5,543.0,True
PSCO,2023-03-04 18:00:00,159.0,251.57142857142858,159.0,True
PSCO,2023-03-04 19:00:00,54.0,232.14285714285714,54.0,True
PSCO,2023-03-04 20:00:00,191.0,212.71428571428572,191.0,True
PSCO,2023-03-04 21:00:00,211.0,193.28571428571428,211.0,True
PSCO,2023-03-04 22:00:00,220.0,173.85714285714286,220.0,True
PSCO,2023-03-04 23:00:00,127.0,154.42857142857144,127.0,True
PSCO,2023-03-05 04:00:00,280.0,375.6666666666667,280.0,True
PSCO,2023-03-05 05:00:00,363.0,396.3333333333333,363.0,True
PSCO,2023-03-05 08:00:00,389.0,477.6666666666667,389.0,True
PSCO,2023-03-05 09:00:00,317.0,489.3333333333333,317.0,True
PSCO,2023-03-05 10:00:00,406.0,501.0,406.0,True
PSCO,2023-03-05 11:00:00,437.0,512.6666666666666,437.0,True
PSCO,2023-03-05 12:00:00,492.0,524.3333333333334,492.0,True
PSCO,2023-03-05 20:00:00,127.0,191.2,127.0,True
PSCO,2023-03-05 21:00:00,105.0,187.4,105.0,True
PSCO,2023-03-05 22:00:00,63.0,183.6,63.0,True
PSCO,2023-03-05 23:00:00,52.0,179.8,52.0,True
PSCO,2023-03-06 06:00:00,354.0,1719.0,354.0,True
PSCO,2023-03-06 07:00:00,326.0,3029.0,326.0,True
PSCO,2023-06-02 21:00:00,19352.0,4683.0,4690.0,True
PSCO,2023-08-10 06:00:00,656.0,4920.0,656.0,True
PSCO,2023-10-12 02:00:00,-589.0,4909.0,5143.0,True
PSCO,2023-10-12 03:00:00,-625.0,4729.0,4948.0,True
PSCO,2023-10-12 04:00:00,-756.0,4549.0,4613.0,True
PSCO,2023-10-12 05:00:00,-660.0,4369.0,4344.0,True
PSCO,2023-10-12 06:00:00,-705.0,4189.0,4070.0,True
PSCO,2023-11-15 20:00:00,708.0,5087.5,708.0,True
PSCO,2023-11-27 08:00:00,352.0,4780.48,352.0,True
PSCO,2023-11-27 09:00:00,324.0,4796.96,324.0,True
PSCO,2023-11-27 10:00:00,390.0,4813.44,390.0,True
PSCO,2023-11-27 11:00:00,399.0,4829.92,399.0,True
PSCO,2023-11-27 12:00:00,337.0,4846.4,337.0,True
PSCO,2023-11-27 13:00:00,212.0,4862.88,212.0,True
PSCO,2023-11-27 14:00:00,34.0,4879.36,34.0,True
PSCO,2023-11-27 15:00:00,231.0,4895.84,231.0,True
PSCO,2023-11-27 16:00:00,337.0,4912.32,337.0,True
PSCO,2023-11-27 17:00:00,232.0,4928.8,232.0,True
PSCO,2023-11-27 18:00:00,58.0,4945.28,58.0,True
PSCO,2023-11-27 19:00:00,19.0,4961.76,19.0,True
PSCO,2023-11-27 20:00:00,-38.0,4978.24,4711.0,True
PSCO,2023-11-27 21:00:00,-55.0,4994.72,4683.0,True
PSCO,2023-11-27 22:00:00,19.0,5011.2,19.0,True
PSCO,2023-11-27 23:00:00,-104.0,5027.68,4969.0,True
PSCO,2023-11-28 00:00:00,-94.0,5044.16,5450.0,True
PSCO,2023-11-28 01:00:00,-137.0,5060.64,5884.0,True
PSCO,2023-11-28 02:00:00,67.0,5077.12,67.0,True
PSCO,2023-11-28 03:00:00,308.0,5093.6,308.0,True
PSCO,2023-11-28 04:00:00,556.0,5110.08,556.0,True
PSCO,2023-11-28 05:00:00,613.0,5126.56,613.0,True
PSCO,2023-11-28 06:00:00,556.0,5143.04,556.0,True
PSCO,2023-11-28 07:00:00,590.0,5159.52,590.0,True
PSCO,2024-10-14 23:00:00,1712.0,5306.5,1712.0,True
PSCO,2024-10-21 20:00:00,-541.0,4593.0,4189.0,True
PSCO,2024-10-21 21:00:00,7150.0,4679.0,7150.0,True
PSCO,2025-05-02 06:00:00,-1359.0,4398.0,3973.0,True
SOCO,2022-02-15 12:00:00,35179.0,33569.666666666664,35179.0,True
SOCO,2022-02-15 13:00:00,37158.0,34948.333333333336,37158.0,True
SOCO,2022-03-13 04:00:00,32707.0,33396.63636363636,32707.0,True
SOCO,2022-03-13 05:00:00,32190.0,33601.27272727273,32190.0,True
SOCO,2022-03-13 06:00:00,31684.0,33805.90909090909,31684.0,True
SOCO,2022-03-13 07:00:00,31557.0,34010.545454545456,31557.0,True
SOCO,2022-03-13 08:00:00,31740.0,34215.181818181816,31740.0,True
SOCO,2022-03-13 09:00:00,32127.0,34419.818181818184,32127.0,True
SOCO,2022-03-13 10:00:00,32883.0,34624.454545454544,32883.0,True
SOCO,2022-03-13 11:00:00,33861.0,34829.09090909091,33861.0,True
SOCO,2022-03-13 12:00:00,35147.0,35033.72727272727,35147.0,True
SOCO,2022-03-13 13:00:00,36091.0,35238.36363636364,36091.0,True
SOCO,2022-03-14 11:00:00,32399.0,31505.333333333332,32399.0,True
SOCO,2022-03-14 12:00:00,34871.0,33343.666666666664,34871.0,True
SOCO,2022-12-24 05:00:00,43017.0,43401.71428571428,43017.0,True
SOCO,2022-12-24 06:00:00,43387.0,43422.42857142857,43387.0,True
SOCO,2022-12-24 07:00:00,43101.0,43443.142857142855,43101.0,True
SOCO,2022-12-24 08:00:00,42938.0,43463.857142857145,42938.0,True
SOCO,2022-12-24 09:00:00,43395.0,43484.57142857143,43395.0,True
SOCO,2022-12-24 10:00:00,43429.0,43505.28571428572,43429.0,True
SOCO,2023-01-15 07:00:00,30117.0,30221.166666666668,30117.0,True
SOCO,2023-01-15 08:00:00,30267.0,30758.333333333332,30267.0,True
SOCO,2023-01-15 09:00:00,30607.0,31295.5,30607.0,True
SOCO,2023-01-15 10:00:00,30821.0,31832.666666666668,30821.0,True
SOCO,2023-01-15 11:00:00,31653.0,32369.833333333332,31653.0,True
SOCO,2023-02-18 09:00:00,28296.0,28466.333333333332,28296.0,True
SOCO,2023-02-18 10:00:00,28916.0,29045.666666666668,28916.0,True
SOCO,2023-03-20 13:00:00,36153.0,35317.5,36153.0,True
SOCO,2023-11-29 11:00:00,32937.0,33459.666666666664,32937.0,True
SOCO,2023-11-29 12:00:00,35584.0,35415.333333333336,35584.0,True
SOCO,2023-12-10 12:00:00,19310.0,19494.75,19310.0,True
SOCO,2023-12-10 13:00:00,19760.0,20139.5,19760.0,True
SOCO,2023-12-10 14:00:00,20348.0,20784.25,20348.0,True
SOCO,2024-01-17 06:00:00,40393.0,40694.0,40393.0,True
SOCO,2024-01-17 07:00:00,40634.0,41205.0,40634.0,True
SOCO,2024-01-17 08:00:00,41011.0,41716.0,41011.0,True
SOCO,2024-01-17 09:00:00,41297.0,42227.0,41297.0,True
SOCO,2024-01-17 10:00:00,41835.0,42738.0,41835.0,True
SOCO,2024-01-17 11:00:00,43557.0,43249.0,43557.0,True
SOCO,2024-01-17 12:00:00,45755.0,43760.0,45755.0,True
SOCO,2024-01-17 13:00:00,47368.0,44271.0,47368.0,True
SOCO,2024-01-17 14:00:00,47209.0,44782.0,47209.0,True
SOCO,2024-01-22 08:00:00,35159.0,35803.8,35159.0,True
SOCO,2024-01-22 09:00:00,35441.0,36697.6,35441.0,True
SOCO,2024-01-22 10:00:00,35687.0,37591.4,35687.0,True
SOCO,2024-01-22 11:00:00,37346.0,38485.2,37346.0,True
SOCO,2024-03-19 10:00:00,26787.0,27378.0,26787.0,True
SOCO,2024-12-12 09:00:00,30074.0,30249.714285714286,30074.0,True
SOCO,2024-12-12 10:00:00,30494.0,30892.428571428572,30494.0,True
SOCO,2024-12-12 11:00:00,31841.0,31535.142857142855,31841.0,True
SOCO,2024-12-12 12:00:00,34442.0,32177.85714285714,34442.0,True
SOCO,2024-12-12 13:00:00,36194.0,32820.57142857143,36194.0,True
SOCO,2024-12-12 14:00:00,36022.0,33463.28571428571,36022.0,True
SOCO,2024-12-13 10:00:00,31391.0,31557.8,31391.0,True
SOCO,2024-12-13 11:00:00,32342.0,32562.6,32342.0,True
SOCO,2024-12-13 12:00:00,34622.0,33567.4,34622.0,True
SOCO,2024-12-13 13:00:00,36157.0,34572.2,36157.0,True
SOCO,2025-01-19 12:00:00,22601.0,22903.666666666668,22601.0,True
SOCO,2025-01-19 13:00:00,23801.0,24088.333333333332,23801.0,True
SOCO,2025-02-19 03:00:00,83716.0,27879.0,28423.0,True
SOCO,2025-02-20 14:00:00,92428.0,36249.0,40189.0,True
SOCO,2025-02-21 23:00:00,83085.0,27877.5,32161.0,True
SOCO,2025-11-11 03:00:00,33921.0,34634.7,33921.0,True
SOCO,2025-11-11 04:00:00,32897.0,34768.4,32897.0,True
SOCO,2025-11-11 05:00:00,31887.0,34902.1,31887.0,True
SOCO,2025-11-11 06:00:00,31360.0,35035.8,31360.0,True
SOCO,2025-11-11 07:00:00,30995.0,35169.5,30995.0,True
SOCO,2025-11-11 08:00:00,31145.0,35303.2,31145.0,True
SOCO,2025-11-11 09:00:00,31405.0,35436.9,31405.0,True
SOCO,2025-11-11 10:00:00,32180.0,35570.6,32180.0,True
SOCO,2025-11-11 11:00:00,33760.0,35704.3,33760.0,True
SOCO,2025-12-14 11:00:00,20780.0,21246.666666666668,20780.0,True
SOCO,2025-12-14 12:00:00,21668.0,22269.333333333332,21668.0,True
SOCO,2025-12-16 04:00:00,36741.0,37398.769230769234,36741.0,True
SOCO,2025-12-16 05:00:00,35850.0,37267.53846153846,35850.0,True
SOCO,2025-12-16 06:00:00,35370.0,37136.307692307695,35370.0,True
SOCO,2025-12-16 07:00:00,35303.0,37005.07692307692,35303.0,True
SOCO,2025-12-16 08:00:00,35513.0,36873.846153846156,35513.0,True
SOCO,2025-12-16 09:00:00,35936.0,36742.61538461538,35936.0,True
SOCO,2025-12-16 10:00:00,36701.0,36611.38461538462,36701.0,True
SOCO,2025-12-16 11:00:00,38299.0,36480.153846153844,38299.0,True
SOCO,2025-12-16 12:00:00,40722.0,36348.92307692308,40722.0,True
SOCO,2025-12-16 13:00:00,42306.0,36217.692307692305,42306.0,True
SOCO,2025-12-16 14:00:00,41718.0,36086.46153846154,41718.0,True
SOCO,2025-12-16 15:00:00,38875.0,35955.230769230766,38875.0,True
SOCO,2025-12-30 07:00:00,29390.0,29893.727272727272,29390.0,True
SOCO,2025-12-30 08:00:00,29610.0,30301.454545454544,29610.0,True
SOCO,2025-12-30 09:00:00,30053.0,30709.18181818182,30053.0,True
SOCO,2025-12-30 10:00:00,30852.0,31116.909090909092,30852.0,True
SOCO,2025-12-30 11:00:00,32239.0,31524.636363636364,32239.0,True
SOCO,2025-12-30 12:00:00,34263.0,31932.363636363636,34263.0,True
SOCO,2025-12-30 13:00:00,35994.0,32340.090909090908,35994.0,True
SOCO,2025-12-30 14:00:00,36895.0,32747.818181818184,36895.0,True
SOCO,2025-12-30 15:00:00,36521.0,33155.545454545456,36521.0,True
SOCO,2025-12-30 16:00:00,35247.0,33563.27272727273,35247.0,True
